{"tribe_id": 1, "xp": 4470, "weights": [-0.1909988278723298, -0.1896263247041512, 0.18510584374162198, -0.919468867972919, -0.9631513732861017, 0.029436565442054308], "lifespan": 100000, "scent_sensitivity": 1.0}