{"tribe_id": 0, "xp": 420, "weights": [0.45924115012597233, -0.5916682019489117, -0.1942207271437073, -0.28717779062959337, 0.3194547490012465, 0.08018930462134666], "lifespan": 733, "scent_sensitivity": 1.0}