{"tribe_id": 0, "xp": 0, "weights": [-0.43698850282319857, -0.21138039917105655, -0.2793419185477015, 0.6649816659816188, 0.5247188924373027, -0.5017155510578508], "lifespan": 759, "scent_sensitivity": 1.0}